{"stats":{"minecraft:picked_up":{"minecraft:netherite_boots":1,"minecraft:netherite_leggings":1,"minecraft:dark_oak_log":1,"minecraft:dirt":2,"minecraft:netherite_helmet":1,"minecraft:netherite_sword":1,"minecraft:hay_block":2,"minecraft:netherite_chestplate":1,"minecraft:mutton":1,"minecraft:dark_oak_fence":8,"minecraft:white_wool":2},"minecraft:crafted":{"minecraft:crafting_table":3,"minecraft:dark_oak_planks":12,"minecraft:bread":7,"minecraft:wheat":18},"minecraft:mined":{"minecraft:hay_block":2,"minecraft:dark_oak_log":1,"minecraft:powder_snow":7,"minecraft:dark_oak_fence":8,"minecraft:grass":1,"minecraft:dirt":2,"minecraft:white_wool":1},"minecraft:used":{"minecraft:netherite_sword":21,"minecraft:bread":7,"minecraft:white_wool":2,"minecraft:jungle_wood":5,"minecraft:dirt":2,"minecraft:crafting_table":3},"minecraft:killed":{"minecraft:sheep":1,"minecraft:pillager":4},"minecraft:custom":{"minecraft:time_since_rest":22086,"minecraft:sprint_one_cm":91511,"minecraft:walk_one_cm":37334,"minecraft:damage_taken":334,"minecraft:mob_kills":5,"minecraft:damage_dealt":1030,"minecraft:swim_one_cm":7063,"minecraft:interact_with_crafting_table":3,"minecraft:fly_one_cm":541794,"minecraft:open_chest":1,"minecraft:crouch_one_cm":368,"minecraft:play_time":22086,"minecraft:sneak_time":1606,"minecraft:walk_under_water_one_cm":900,"minecraft:jump":633,"minecraft:leave_game":1,"minecraft:walk_on_water_one_cm":1134,"minecraft:time_since_death":22086,"minecraft:total_world_time":22086,"minecraft:climb_one_cm":790,"minecraft:fall_one_cm":18446}},"DataVersion":3578}