{"stats":{"minecraft:used":{"minecraft:warden_spawn_egg":1,"minecraft:jungle_wood":1,"minecraft:acacia_log":3,"minecraft:snow_block":1,"minecraft:oak_planks":1,"minecraft:oak_sign":2,"minecraft:stone":1},"minecraft:dropped":{"minecraft:netherite_sword":1,"minecraft:netherite_helmet":1,"minecraft:netherite_chestplate":1,"minecraft:netherite_leggings":1,"minecraft:netherite_boots":1},"minecraft:custom":{"minecraft:time_since_rest":2288,"minecraft:open_chest":1,"minecraft:crouch_one_cm":244,"minecraft:play_time":21905,"minecraft:sprint_one_cm":3038,"minecraft:deaths":1,"minecraft:walk_one_cm":4322,"minecraft:sneak_time":1568,"minecraft:drop":5,"minecraft:jump":49,"minecraft:damage_dealt":10,"minecraft:leave_game":1,"minecraft:time_since_death":2268,"minecraft:walk_on_water_one_cm":132,"minecraft:total_world_time":21905,"minecraft:climb_one_cm":199,"minecraft:interact_with_crafting_table":1,"minecraft:fall_one_cm":418,"minecraft:fly_one_cm":702230}},"DataVersion":3578}