{"stats":{"minecraft:dropped":{"minecraft:netherite_sword":1,"minecraft:netherite_chestplate":1,"minecraft:netherite_boots":1,"minecraft:netherite_leggings":1,"minecraft:netherite_helmet":1},"minecraft:used":{"minecraft:warden_spawn_egg":1,"minecraft:jungle_wood":1,"minecraft:acacia_log":3,"minecraft:snow_block":1,"minecraft:grass_block":3,"minecraft:oak_planks":1,"minecraft:oak_sign":2,"minecraft:stone":2},"minecraft:custom":{"minecraft:time_since_rest":5379,"minecraft:open_chest":1,"minecraft:crouch_one_cm":244,"minecraft:play_time":24996,"minecraft:sprint_one_cm":3554,"minecraft:deaths":1,"minecraft:walk_one_cm":4334,"minecraft:sneak_time":1799,"minecraft:drop":5,"minecraft:jump":56,"minecraft:damage_dealt":10,"minecraft:leave_game":3,"minecraft:walk_on_water_one_cm":132,"minecraft:time_since_death":5359,"minecraft:climb_one_cm":199,"minecraft:total_world_time":24996,"minecraft:interact_with_crafting_table":1,"minecraft:fall_one_cm":418,"minecraft:fly_one_cm":747328}},"DataVersion":3578}