{
  "minecraft:recipes/decorations/crafting_table": {
    "criteria": {
      "unlock_right_away": "2024-06-08 05:08:59 +0000"
    },
    "done": true
  },
  "minecraft:adventure/adventuring_time": {
    "criteria": {
      "minecraft:beach": "2024-06-08 05:09:40 +0000",
      "minecraft:forest": "2024-06-08 05:09:36 +0000",
      "minecraft:ocean": "2024-06-08 05:09:39 +0000",
      "minecraft:sunflower_plains": "2024-06-08 05:09:00 +0000",
      "minecraft:plains": "2024-06-08 05:09:28 +0000"
    },
    "done": false
  },
  "DataVersion": 3578
}